{
  "notes": [
    {
      "content": "custom-hooks are great",
      "id": 1
    },
    {
      "content": "the best featrure ever <3",
      "id": 2
    },
    {
      "content": "fdsfsf",
      "id": 3
    },
    {
      "content": "wwerwerwerewrw",
      "id": 4
    },
    {
      "content": "asdasdasdadsadas",
      "id": 5
    }
  ],
  "persons": [
    {
      "name": "mluukkai",
      "number": "040-5483923",
      "id": 1
    },
    {
      "name": "kaltsoon",
      "number": "045-2323456",
      "id": 2
    },
    {
      "name": "sdfsdafasdf",
      "number": "32423424234",
      "id": 3
    },
    {
      "name": "rtrtyrtyrtyt",
      "number": "56756767",
      "id": 4
    }
  ]
}